{"resourceType":"ValueSet","id":"vs-key-population","text":{"status":"generated","div":"<div xmlns=\"http://www.w3.org/1999/xhtml\"><ul><li>Include all codes defined in <a href=\"CodeSystem-cs-key-population.html\"><code>http://openhie.org/fhir/hiv-casereporting/CodeSystem/cs-key-population</code></a></li></ul></div>"},"url":"http://openhie.org/fhir/hiv-casereporting/ValueSet/vs-key-population","version":"0.2.0","name":"VSKeyPopulation","title":"Key population","status":"active","date":"2022-09-16T12:02:49+00:00","publisher":"OpenHIE","contact":[{"telecom":[{"system":"url","value":"http://xxhl7.org/Special/committees/[something]"}]}],"description":"A list of key population types","jurisdiction":[{"coding":[{"system":"http://unstats.un.org/unsd/methods/m49/m49.htm","code":"001"}]}],"compose":{"include":[{"system":"http://openhie.org/fhir/hiv-casereporting/CodeSystem/cs-key-population"}]}}