<?xml version="1.0" encoding="UTF-8"?>

<CodeSystem xmlns="http://hl7.org/fhir">
  <id value="cs-patient-gender-identity"/>
  <text>
    <status value="generated"/><div xmlns="http://www.w3.org/1999/xhtml"><p>This code system http://openhie.org/fhir/hiv-casereporting/CodeSystem/cs-patient-gender-identity defines the following codes:</p><table class="codes"><tr><td style="white-space:nowrap"><b>Code</b></td><td><b>Display</b></td><td><b>Definition</b></td></tr><tr><td style="white-space:nowrap">transgender-to-female<a name="cs-patient-gender-identity-transgender-to-female"> </a></td><td>Transgender female</td><td>Client identifies as transgender male-to-female</td></tr><tr><td style="white-space:nowrap">transgender-to-male<a name="cs-patient-gender-identity-transgender-to-male"> </a></td><td>Transgender male</td><td>Client identifies as transgender female-to-male</td></tr><tr><td style="white-space:nowrap">non-binary<a name="cs-patient-gender-identity-non-binary"> </a></td><td>Non-binary</td><td>Client identifies with neither/both female and male</td></tr><tr><td style="white-space:nowrap">male<a name="cs-patient-gender-identity-male"> </a></td><td>Male</td><td>Client identifies as male</td></tr><tr><td style="white-space:nowrap">female<a name="cs-patient-gender-identity-female"> </a></td><td>Female</td><td>Client identifies as female</td></tr><tr><td style="white-space:nowrap">other<a name="cs-patient-gender-identity-other"> </a></td><td>Other</td><td>Other gender identity</td></tr><tr><td style="white-space:nowrap">not-disclosed<a name="cs-patient-gender-identity-not-disclosed"> </a></td><td>Does not wish to disclose</td><td>Client does not wish to disclose gender identity</td></tr></table></div>
  </text>
  <url value="http://openhie.org/fhir/hiv-casereporting/CodeSystem/cs-patient-gender-identity"/>
  <version value="0.2.0"/>
  <name value="CSPatientGenderIdentity"/>
  <title value="Patient Gender Identity"/>
  <status value="active"/>
  <date value="2021-05-30T12:12:04+00:00"/>
  <publisher value="openHIE"/>
  <contact>
    <telecom>
      <system value="url"/>
      <value value="http://hl7.org/Special/committees/[something]"/>
    </telecom>
  </contact>
  <description value="A list of genders that the patient may identify with"/>
  <jurisdiction>
    <coding>
      <system value="http://unstats.un.org/unsd/methods/m49/m49.htm"/>
      <code value="001"/>
    </coding>
  </jurisdiction>
  <content value="complete"/>
  <count value="7"/>
  <concept>
    <code value="transgender-to-female"/>
    <display value="Transgender female"/>
    <definition value="Client identifies as transgender male-to-female"/>
  </concept>
  <concept>
    <code value="transgender-to-male"/>
    <display value="Transgender male"/>
    <definition value="Client identifies as transgender female-to-male"/>
  </concept>
  <concept>
    <code value="non-binary"/>
    <display value="Non-binary"/>
    <definition value="Client identifies with neither/both female and male"/>
  </concept>
  <concept>
    <code value="male"/>
    <display value="Male"/>
    <definition value="Client identifies as male"/>
  </concept>
  <concept>
    <code value="female"/>
    <display value="Female"/>
    <definition value="Client identifies as female"/>
  </concept>
  <concept>
    <code value="other"/>
    <display value="Other"/>
    <definition value="Other gender identity"/>
  </concept>
  <concept>
    <code value="not-disclosed"/>
    <display value="Does not wish to disclose"/>
    <definition value="Client does not wish to disclose gender identity"/>
  </concept>
</CodeSystem>