<?xml version="1.0" encoding="UTF-8"?><ExampleScenario xmlns="http://hl7.org/fhir"><id value="hiv-case-reporting-scenario"/><url value="http://openhie.org/fhir/hiv-casereporting/ExampleScenario/hiv-case-reporting-scenario"/><version value="0.2.0"/><name value="HIVCaseReportingScenario"/><status value="draft"/><experimental value="false"/><date value="2021-03-09T00:00:00.000+01:00"/><publisher value="openHIE"/><contact><telecom><system value="url"/><value value="http://hl7.org/Special/committees/[something]"/></telecom></contact><jurisdiction><coding><system value="http://unstats.un.org/unsd/methods/m49/m49.htm"/><code value="001"/></coding></jurisdiction><actor><actorId value="QS"/><type value="entity"/><name value="Questionnaire\nSource"/></actor><actor><actorId value="HCP"/><type value="person"/><name value="Healthcare Professional"/></actor><actor><actorId value="CRSUBM"/><type value="entity"/><name value="Case Report\nSubmitter"/></actor><actor><actorId value="CRTRANSF"/><type value="entity"/><name value="Case Report\nTransformer"/></actor><actor><actorId value="CRREPO"/><type value="entity"/><name value="Case Report\nRepository"/></actor><instance><resourceId value="hiv-case-report-questionnaire"/><resourceType value="Questionnaire"/><name value="HIV Case Report\nQuestionnaire\n(template)"/></instance><instance><resourceId value="exampleresponse"/><resourceType value="QuestionnaireResponse"/><name value="HIV Case Report\nResponse"/></instance><instance><resourceId value="extractedexample"/><resourceType value="Bundle"/><name value="HIV Case Record\n(Transformed)"/></instance><process><title value="Case Reporting Example"/><description value="description"/><preConditions value="The patient visits the clinic for HIV case follow-up."/><postConditions value="The patient&#39;s HIV longitudinal record (and eventually the alerts and reports) is updated with the information extracted from the case report."/><step><operation><number value="1"/><name value="Obtain Questionnaire"/><initiator value="CRSUBM"/><receiver value="QS"/><response><resourceId value="hiv-case-report-questionnaire"/></response></operation></step><step><operation><number value="2"/><name value="Fill Questionnaire"/><initiator value="HCP"/><receiver value="CRSUBM"/><request><resourceId value="exampleresponse"/></request></operation></step><step><operation><number value="3"/><name value="Send questionnaire"/><initiator value="CRSUBM"/><receiver value="CRTRANSF"/><response><resourceId value="exampleresponse"/></response></operation></step><step><operation><number value="4"/><name value="Extract data from questionnaire"/><initiator value="CRTRANSF"/><receiver value="CRREPO"/><request><resourceId value="extractedexample"/></request></operation></step></process></ExampleScenario>