<?xml version="1.0" encoding="UTF-8"?><ValueSet xmlns="http://hl7.org/fhir"><id value="vs-patient-gender-identity"/><text><status value="generated"/><div xmlns="http://www.w3.org/1999/xhtml"><ul><li>Include all codes defined in <a href="CodeSystem-cs-patient-gender-identity.html"><code>http://openhie.org/fhir/CodeSystem/cs-patient-gender-identity</code></a></li></ul></div></text><url value="http://openhie.org/fhir/ValueSet/vs-patient-gender-identity"/><version value="0.2.0"/><name value="PatientGenderIdentity"/><title value="Patient Gender Identity"/><status value="active"/><date value="2021-03-01T22:29:39+00:00"/><publisher value="openHIE"/><contact><telecom><system value="url"/><value value="http://hl7.org/Special/committees/[something]"/></telecom></contact><description value="Valueset - patient gender identities"/><jurisdiction><coding><system value="http://unstats.un.org/unsd/methods/m49/m49.htm"/><code value="001"/></coding></jurisdiction><compose><include><system value="http://openhie.org/fhir/CodeSystem/cs-patient-gender-identity"/></include></compose></ValueSet>