{
  "resourceType": "CodeSystem",
  "id": "cs-hiv-cause-of-death",
  "text": {
    "status": "generated",
    "div": "<div xmlns=\"http://www.w3.org/1999/xhtml\"><p>This code system http://openhie.org/fhir/CodeSystem/cs-hiv-cause-of-death defines the following codes:</p><table class=\"codes\"><tr><td style=\"white-space:nowrap\"><b>Code</b></td><td><b>Display</b></td><td><b>Definition</b></td></tr><tr><td style=\"white-space:nowrap\">1<a name=\"cs-hiv-cause-of-death-1\"> </a></td><td>Advanced phase AIDS</td><td>Advanced phase of AIDS</td></tr><tr><td style=\"white-space:nowrap\">2<a name=\"cs-hiv-cause-of-death-2\"> </a></td><td>Other diseases </td><td>Other diseases</td></tr><tr><td style=\"white-space:nowrap\">3<a name=\"cs-hiv-cause-of-death-3\"> </a></td><td>Other causes: drug overdose, suicide, accidents, etc</td><td>Other causes: shock caused by drug overdose, commit suicides, accidents, etc</td></tr><tr><td style=\"white-space:nowrap\">4<a name=\"cs-hiv-cause-of-death-4\"> </a></td><td>Unknown/Unidentified</td><td>Unknown/Unidentified</td></tr></table></div>"
  },
  "url": "http://openhie.org/fhir/CodeSystem/cs-hiv-cause-of-death",
  "version": "0.2.0",
  "name": "HIVCauseOfDeath",
  "title": "HIV Cause Of Death",
  "status": "draft",
  "date": "2021-01-25T09:18:25+00:00",
  "publisher": "openHIE",
  "contact": [
    {
      "telecom": [
        {
          "system": "url",
          "value": "http://hl7.org/Special/committees/[something]"
        }
      ]
    }
  ],
  "description": "HIV Cause Of Death codes",
  "jurisdiction": [
    {
      "coding": [
        {
          "system": "http://unstats.un.org/unsd/methods/m49/m49.htm",
          "code": "001"
        }
      ]
    }
  ],
  "content": "complete",
  "count": 4,
  "concept": [
    {
      "code": "1",
      "display": "Advanced phase AIDS",
      "definition": "Advanced phase of AIDS"
    },
    {
      "code": "2",
      "display": "Other diseases ",
      "definition": "Other diseases"
    },
    {
      "code": "3",
      "display": "Other causes: drug overdose, suicide, accidents, etc",
      "definition": "Other causes: shock caused by drug overdose, commit suicides, accidents, etc"
    },
    {
      "code": "4",
      "display": "Unknown/Unidentified",
      "definition": "Unknown/Unidentified"
    }
  ]
}