<?xml version="1.0" encoding="UTF-8"?>

<ExampleScenario xmlns="http://hl7.org/fhir">
  <id value="hiv-case-reporting-scenario"/>
  <text>
    <status value="generated"/><div xmlns="http://www.w3.org/1999/xhtml"><p><b>Generated Narrative</b></p><p><b>url</b>: <code>http://openhie.org/fhir/hiv-casereporting/ExampleScenario/hiv-case-reporting-scenario</code></p><p><b>version</b>: 0.2.0</p><p><b>name</b>: HIVCaseReportingScenario</p><p><b>status</b>: draft</p><p><b>experimental</b>: false</p><p><b>date</b>: Mar 8, 2021, 11:00:00 PM</p><p><b>publisher</b>: openHIE</p><p><b>contact</b>: <a href="http://hl7.org/Special/committees/[something]">http://hl7.org/Special/committees/[something]</a></p><p><b>jurisdiction</b>: <span title="Codes: {http://unstats.un.org/unsd/methods/m49/m49.htm 001}">World</span></p><blockquote><p><b>actor</b></p><p><b>actorId</b>: QS</p><p><b>type</b>: entity</p><p><b>name</b>: Questionnaire\nSource</p></blockquote><blockquote><p><b>actor</b></p><p><b>actorId</b>: HCP</p><p><b>type</b>: person</p><p><b>name</b>: Healthcare Professional</p></blockquote><blockquote><p><b>actor</b></p><p><b>actorId</b>: CRSUBM</p><p><b>type</b>: entity</p><p><b>name</b>: Case Report\nSubmitter</p></blockquote><blockquote><p><b>actor</b></p><p><b>actorId</b>: CRTRANSF</p><p><b>type</b>: entity</p><p><b>name</b>: Case Report\nTransformer</p></blockquote><blockquote><p><b>actor</b></p><p><b>actorId</b>: CRREPO</p><p><b>type</b>: entity</p><p><b>name</b>: Case Report\nRepository</p></blockquote><blockquote><p><b>instance</b></p><p><b>resourceId</b>: hiv-case-report-questionnaire</p><p><b>resourceType</b>: Questionnaire</p><p><b>name</b>: HIV Case Report\nQuestionnaire\n(template)</p></blockquote><blockquote><p><b>instance</b></p><p><b>resourceId</b>: exampleresponse</p><p><b>resourceType</b>: QuestionnaireResponse</p><p><b>name</b>: HIV Case Report\nResponse</p></blockquote><blockquote><p><b>instance</b></p><p><b>resourceId</b>: extractedexample</p><p><b>resourceType</b>: Bundle</p><p><b>name</b>: HIV Case Record\n(Transformed)</p></blockquote><blockquote><p><b>process</b></p><p><b>title</b>: Case Reporting Example</p><p><b>description</b>: description</p><p><b>preConditions</b>: The patient visits the clinic for HIV case follow-up.</p><p><b>postConditions</b>: The patient's HIV longitudinal record (and eventually the alerts and reports) is updated with the information extracted from the case report.</p><blockquote><p><b>step</b></p><blockquote><p><b>operation</b></p><p><b>number</b>: 1</p><p><b>name</b>: Obtain Questionnaire</p><p><b>initiator</b>: CRSUBM</p><p><b>receiver</b>: QS</p><h3>Responses</h3><table class="grid"><tr><td>-</td><td><b>ResourceId</b></td></tr><tr><td>*</td><td>hiv-case-report-questionnaire</td></tr></table></blockquote></blockquote><blockquote><p><b>step</b></p><blockquote><p><b>operation</b></p><p><b>number</b>: 2</p><p><b>name</b>: Fill Questionnaire</p><p><b>initiator</b>: HCP</p><p><b>receiver</b>: CRSUBM</p><h3>Requests</h3><table class="grid"><tr><td>-</td><td><b>ResourceId</b></td></tr><tr><td>*</td><td>exampleresponse</td></tr></table></blockquote></blockquote><blockquote><p><b>step</b></p><blockquote><p><b>operation</b></p><p><b>number</b>: 3</p><p><b>name</b>: Send questionnaire</p><p><b>initiator</b>: CRSUBM</p><p><b>receiver</b>: CRTRANSF</p><h3>Responses</h3><table class="grid"><tr><td>-</td><td><b>ResourceId</b></td></tr><tr><td>*</td><td>exampleresponse</td></tr></table></blockquote></blockquote><blockquote><p><b>step</b></p><blockquote><p><b>operation</b></p><p><b>number</b>: 4</p><p><b>name</b>: Extract data from questionnaire</p><p><b>initiator</b>: CRTRANSF</p><p><b>receiver</b>: CRREPO</p><h3>Requests</h3><table class="grid"><tr><td>-</td><td><b>ResourceId</b></td></tr><tr><td>*</td><td>extractedexample</td></tr></table></blockquote></blockquote></blockquote></div>
  </text>
  <url value="http://openhie.org/fhir/hiv-casereporting/ExampleScenario/hiv-case-reporting-scenario"/>
  <version value="0.2.0"/>
  <name value="HIVCaseReportingScenario"/>
  <status value="draft"/>
  <experimental value="false"/>
  <date value="2021-03-09T00:00:00.000+01:00"/>
  <publisher value="openHIE"/>
  <contact>
    <telecom>
      <system value="url"/>
      <value value="http://hl7.org/Special/committees/[something]"/>
    </telecom>
  </contact>
  <jurisdiction>
    <coding>
      <system value="http://unstats.un.org/unsd/methods/m49/m49.htm"/>
      <code value="001"/>
    </coding>
  </jurisdiction>
  <actor>
    <actorId value="QS"/>
    <type value="entity"/>
    <name value="Questionnaire\nSource"/>
  </actor>
  <actor>
    <actorId value="HCP"/>
    <type value="person"/>
    <name value="Healthcare Professional"/>
  </actor>
  <actor>
    <actorId value="CRSUBM"/>
    <type value="entity"/>
    <name value="Case Report\nSubmitter"/>
  </actor>
  <actor>
    <actorId value="CRTRANSF"/>
    <type value="entity"/>
    <name value="Case Report\nTransformer"/>
  </actor>
  <actor>
    <actorId value="CRREPO"/>
    <type value="entity"/>
    <name value="Case Report\nRepository"/>
  </actor>
  <instance>
    <resourceId value="hiv-case-report-questionnaire"/>
    <resourceType value="Questionnaire"/>
    <name value="HIV Case Report\nQuestionnaire\n(template)"/>
  </instance>
  <instance>
    <resourceId value="exampleresponse"/>
    <resourceType value="QuestionnaireResponse"/>
    <name value="HIV Case Report\nResponse"/>
  </instance>
  <instance>
    <resourceId value="extractedexample"/>
    <resourceType value="Bundle"/>
    <name value="HIV Case Record\n(Transformed)"/>
  </instance>
  <process>
    <title value="Case Reporting Example"/>
    <description value="description"/>
    <preConditions value="The patient visits the clinic for HIV case follow-up."/>
    <postConditions value="The patient&#39;s HIV longitudinal record (and eventually the alerts and reports) is updated with the information extracted from the case report."/>
    <step>
      <operation>
        <number value="1"/>
        <name value="Obtain Questionnaire"/>
        <initiator value="CRSUBM"/>
        <receiver value="QS"/>
        <response>
          <resourceId value="hiv-case-report-questionnaire"/>
        </response>
      </operation>
    </step>
    <step>
      <operation>
        <number value="2"/>
        <name value="Fill Questionnaire"/>
        <initiator value="HCP"/>
        <receiver value="CRSUBM"/>
        <request>
          <resourceId value="exampleresponse"/>
        </request>
      </operation>
    </step>
    <step>
      <operation>
        <number value="3"/>
        <name value="Send questionnaire"/>
        <initiator value="CRSUBM"/>
        <receiver value="CRTRANSF"/>
        <response>
          <resourceId value="exampleresponse"/>
        </response>
      </operation>
    </step>
    <step>
      <operation>
        <number value="4"/>
        <name value="Extract data from questionnaire"/>
        <initiator value="CRTRANSF"/>
        <receiver value="CRREPO"/>
        <request>
          <resourceId value="extractedexample"/>
        </request>
      </operation>
    </step>
  </process>
</ExampleScenario>