{
  "resourceType" : "Bundle",
  "id" : "8e096656-9731-47ce-bf95-bf821eae0f27",
  "meta" : {
    "lastUpdated" : "2021-01-16T00:15:16.121+00:00"
  },
  "type" : "collection",
  "entry" : [{
    "fullUrl" : "http://openhie.org/fhir/ValueSet/HIVRecencyResults",
    "resource" : {
      "resourceType" : "ValueSet",
      "id" : "HIVRecencyResults",
      "text" : {
        "status" : "generated",
        "div" : "<div xmlns=\"http://www.w3.org/1999/xhtml\"><p>This value set contains 0 concepts</p><table class=\"codes\"><tr><td style=\"white-space:nowrap\"><b>Code</b></td><td><b>System</b></td><td><b>Display</b></td></tr></table></div>"
      },
      "url" : "http://openhie.org/fhir/ValueSet/HIVRecencyResults",
      "version" : "0.2.0",
      "name" : "HIVRecencyResults",
      "title" : "HIVRecencyResults",
      "status" : "draft",
      "date" : "2021-01-16T00:15:16+00:00",
      "publisher" : "openHIE",
      "contact" : [{
        "telecom" : [{
          "system" : "url",
          "value" : "http://hl7.org/Special/committees/[something]"
        }]
      }],
      "description" : "HIV recency result codes",
      "jurisdiction" : [{
        "coding" : [{
          "system" : "http://unstats.un.org/unsd/methods/m49/m49.htm",
          "code" : "001"
        }]
      }],
      "expansion" : {
        "identifier" : "urn:uuid:e2f87d29-36a9-4b25-b3cc-b3d015a7b3d3",
        "timestamp" : "2021-01-16T00:15:36+00:00",
        "parameter" : [{
          "name" : "excludeNested",
          "valueBoolean" : false
        }]
      }
    }
  },
  {
    "fullUrl" : "http://openhie.org/fhir/ValueSet/vs-patient-communication-preferences",
    "resource" : {
      "resourceType" : "ValueSet",
      "id" : "vs-patient-communication-preferences",
      "text" : {
        "status" : "generated",
        "div" : "<div xmlns=\"http://www.w3.org/1999/xhtml\"><p>This value set contains 2 concepts</p><p style=\"border: black 1px dotted; background-color: #EEEEEE; padding: 8px; margin-bottom: 8px\">Expansion based on <a href=\"CodeSystem-cs-patient-communication-preferences.html\">Patient Communication Preferences v0.2.0 (CodeSystem)</a></p><p>All codes from system <a href=\"CodeSystem-cs-patient-communication-preferences.html\"><code>http://openhie.org/fhir/CodeSystem/cs-patient-communication-preferences</code></a></p><table class=\"codes\"><tr><td style=\"white-space:nowrap\"><b>Code</b></td><td><b>Display</b></td><td><b>Definition</b></td></tr><tr><td style=\"white-space:nowrap\"><a name=\"http---openhie.org-fhir-CodeSystem-cs-patient-communication-preferences-text-message\"> </a><a href=\"CodeSystem-cs-patient-communication-preferences.html#cs-patient-communication-preferences-text-message\">text-message</a></td><td>SMS or  Text message</td><td>The client would like to receive communications via Text Message/SMS</td></tr><tr><td style=\"white-space:nowrap\"><a name=\"http---openhie.org-fhir-CodeSystem-cs-patient-communication-preferences-voice-call\"> </a><a href=\"CodeSystem-cs-patient-communication-preferences.html#cs-patient-communication-preferences-voice-call\">voice-call</a></td><td>Voice Call</td><td>Client would like to receive communications via Voice Calls</td></tr></table></div>"
      },
      "url" : "http://openhie.org/fhir/ValueSet/vs-patient-communication-preferences",
      "version" : "0.2.0",
      "name" : "VSPatientCommunicationPreferences",
      "title" : "Patient Communication Preferences",
      "status" : "active",
      "date" : "2021-01-16T00:15:16+00:00",
      "publisher" : "openHIE",
      "contact" : [{
        "telecom" : [{
          "system" : "url",
          "value" : "http://hl7.org/Special/committees/[something]"
        }]
      }],
      "description" : "Valueset - Patient Communication Preferences",
      "jurisdiction" : [{
        "coding" : [{
          "system" : "http://unstats.un.org/unsd/methods/m49/m49.htm",
          "code" : "001"
        }]
      }],
      "expansion" : {
        "identifier" : "urn:uuid:7cd47699-b26b-4d48-974c-55d7d59d3cc4",
        "timestamp" : "2021-01-16T00:15:39+00:00",
        "total" : 2,
        "parameter" : [{
          "name" : "excludeNested",
          "valueBoolean" : false
        },
        {
          "name" : "version",
          "valueUri" : "http://openhie.org/fhir/CodeSystem/cs-patient-communication-preferences|0.2.0"
        }],
        "contains" : [{
          "system" : "http://openhie.org/fhir/CodeSystem/cs-patient-communication-preferences",
          "code" : "text-message",
          "display" : "SMS or  Text message"
        },
        {
          "system" : "http://openhie.org/fhir/CodeSystem/cs-patient-communication-preferences",
          "code" : "voice-call",
          "display" : "Voice Call"
        }]
      }
    }
  },
  {
    "fullUrl" : "http://openhie.org/fhir/ValueSet/vs-patient-gender",
    "resource" : {
      "resourceType" : "ValueSet",
      "id" : "vs-patient-gender",
      "text" : {
        "status" : "generated",
        "div" : "<div xmlns=\"http://www.w3.org/1999/xhtml\"><p>This value set contains 4 concepts</p><p style=\"border: black 1px dotted; background-color: #EEEEEE; padding: 8px; margin-bottom: 8px\">Expansion based on <a href=\"CodeSystem-cs-patient-gender.html\">Patient Gender v0.2.0 (CodeSystem)</a></p><p>All codes from system <a href=\"CodeSystem-cs-patient-gender.html\"><code>http://openhie.org/fhir/CodeSystem/cs-patient-gender</code></a></p><table class=\"codes\"><tr><td style=\"white-space:nowrap\"><b>Code</b></td><td><b>Display</b></td><td><b>Definition</b></td></tr><tr><td style=\"white-space:nowrap\"><a name=\"http---openhie.org-fhir-CodeSystem-cs-patient-gender-male\"> </a><a href=\"CodeSystem-cs-patient-gender.html#cs-patient-gender-male\">male</a></td><td>Male</td><td>Client identifies as female</td></tr><tr><td style=\"white-space:nowrap\"><a name=\"http---openhie.org-fhir-CodeSystem-cs-patient-gender-female\"> </a><a href=\"CodeSystem-cs-patient-gender.html#cs-patient-gender-female\">female</a></td><td>Female</td><td>Client identifies as male</td></tr><tr><td style=\"white-space:nowrap\"><a name=\"http---openhie.org-fhir-CodeSystem-cs-patient-gender-transgender\"> </a><a href=\"CodeSystem-cs-patient-gender.html#cs-patient-gender-transgender\">transgender</a></td><td>Transgender</td><td>Client identifies as transgender</td></tr><tr><td style=\"white-space:nowrap\"><a name=\"http---openhie.org-fhir-CodeSystem-cs-patient-gender-non-binary\"> </a><a href=\"CodeSystem-cs-patient-gender.html#cs-patient-gender-non-binary\">non-binary</a></td><td>Non-binary</td><td>Client identifies in a non-binary way</td></tr></table></div>"
      },
      "url" : "http://openhie.org/fhir/ValueSet/vs-patient-gender",
      "version" : "0.2.0",
      "name" : "VSPatientGender",
      "title" : "Patient Gender",
      "status" : "active",
      "date" : "2021-01-16T00:15:16+00:00",
      "publisher" : "openHIE",
      "contact" : [{
        "telecom" : [{
          "system" : "url",
          "value" : "http://hl7.org/Special/committees/[something]"
        }]
      }],
      "description" : "Valueset - patient genders",
      "jurisdiction" : [{
        "coding" : [{
          "system" : "http://unstats.un.org/unsd/methods/m49/m49.htm",
          "code" : "001"
        }]
      }],
      "expansion" : {
        "identifier" : "urn:uuid:db9c8ac1-e09e-4ff9-91fc-52db578e5394",
        "timestamp" : "2021-01-16T00:15:40+00:00",
        "total" : 4,
        "parameter" : [{
          "name" : "excludeNested",
          "valueBoolean" : false
        },
        {
          "name" : "version",
          "valueUri" : "http://openhie.org/fhir/CodeSystem/cs-patient-gender|0.2.0"
        }],
        "contains" : [{
          "system" : "http://openhie.org/fhir/CodeSystem/cs-patient-gender",
          "code" : "male",
          "display" : "Male"
        },
        {
          "system" : "http://openhie.org/fhir/CodeSystem/cs-patient-gender",
          "code" : "female",
          "display" : "Female"
        },
        {
          "system" : "http://openhie.org/fhir/CodeSystem/cs-patient-gender",
          "code" : "transgender",
          "display" : "Transgender"
        },
        {
          "system" : "http://openhie.org/fhir/CodeSystem/cs-patient-gender",
          "code" : "non-binary",
          "display" : "Non-binary"
        }]
      }
    }
  },
  {
    "fullUrl" : "http://openhie.org/fhir/ValueSet/vs-patient-gender-identity",
    "resource" : {
      "resourceType" : "ValueSet",
      "id" : "vs-patient-gender-identity",
      "text" : {
        "status" : "generated",
        "div" : "<div xmlns=\"http://www.w3.org/1999/xhtml\"><p>This value set contains 7 concepts</p><p style=\"border: black 1px dotted; background-color: #EEEEEE; padding: 8px; margin-bottom: 8px\">Expansion based on <a href=\"CodeSystem-cs-patient-gender-identity.html\">Patient Gender Identity v0.2.0 (CodeSystem)</a></p><p>All codes from system <a href=\"CodeSystem-cs-patient-gender-identity.html\"><code>http://openhie.org/fhir/CodeSystem/cs-patient-gender-identity</code></a></p><table class=\"codes\"><tr><td style=\"white-space:nowrap\"><b>Code</b></td><td><b>Display</b></td><td><b>Definition</b></td></tr><tr><td style=\"white-space:nowrap\"><a name=\"http---openhie.org-fhir-CodeSystem-cs-patient-gender-identity-transgender-to-female\"> </a><a href=\"CodeSystem-cs-patient-gender-identity.html#cs-patient-gender-identity-transgender-to-female\">transgender-to-female</a></td><td>Transgender female</td><td>Client identifies as transgender male-to-female</td></tr><tr><td style=\"white-space:nowrap\"><a name=\"http---openhie.org-fhir-CodeSystem-cs-patient-gender-identity-transgender-to-male\"> </a><a href=\"CodeSystem-cs-patient-gender-identity.html#cs-patient-gender-identity-transgender-to-male\">transgender-to-male</a></td><td>Transgender male</td><td>Client identifies as transgender female-to-male</td></tr><tr><td style=\"white-space:nowrap\"><a name=\"http---openhie.org-fhir-CodeSystem-cs-patient-gender-identity-non-binary\"> </a><a href=\"CodeSystem-cs-patient-gender-identity.html#cs-patient-gender-identity-non-binary\">non-binary</a></td><td>Non-binary</td><td>Client identifies with neither/both female and male</td></tr><tr><td style=\"white-space:nowrap\"><a name=\"http---openhie.org-fhir-CodeSystem-cs-patient-gender-identity-male\"> </a><a href=\"CodeSystem-cs-patient-gender-identity.html#cs-patient-gender-identity-male\">male</a></td><td>Male</td><td>Client identifies as male</td></tr><tr><td style=\"white-space:nowrap\"><a name=\"http---openhie.org-fhir-CodeSystem-cs-patient-gender-identity-female\"> </a><a href=\"CodeSystem-cs-patient-gender-identity.html#cs-patient-gender-identity-female\">female</a></td><td>Female</td><td>Client identifies as female</td></tr><tr><td style=\"white-space:nowrap\"><a name=\"http---openhie.org-fhir-CodeSystem-cs-patient-gender-identity-other\"> </a><a href=\"CodeSystem-cs-patient-gender-identity.html#cs-patient-gender-identity-other\">other</a></td><td>Other</td><td>Other gender identity</td></tr><tr><td style=\"white-space:nowrap\"><a name=\"http---openhie.org-fhir-CodeSystem-cs-patient-gender-identity-not-disclosed\"> </a><a href=\"CodeSystem-cs-patient-gender-identity.html#cs-patient-gender-identity-not-disclosed\">not-disclosed</a></td><td>Does not wish to disclose</td><td>Client does not wish to disclose gender identity</td></tr></table></div>"
      },
      "url" : "http://openhie.org/fhir/ValueSet/vs-patient-gender-identity",
      "version" : "0.2.0",
      "name" : "VSPatientGenderIdentity",
      "title" : "Patient Gender Identity",
      "status" : "active",
      "date" : "2021-01-16T00:15:16+00:00",
      "publisher" : "openHIE",
      "contact" : [{
        "telecom" : [{
          "system" : "url",
          "value" : "http://hl7.org/Special/committees/[something]"
        }]
      }],
      "description" : "Valueset - patient gender identities",
      "jurisdiction" : [{
        "coding" : [{
          "system" : "http://unstats.un.org/unsd/methods/m49/m49.htm",
          "code" : "001"
        }]
      }],
      "expansion" : {
        "identifier" : "urn:uuid:aa4b1e03-2bc1-46a8-9ca4-317c20590996",
        "timestamp" : "2021-01-16T00:15:40+00:00",
        "total" : 7,
        "parameter" : [{
          "name" : "excludeNested",
          "valueBoolean" : false
        },
        {
          "name" : "version",
          "valueUri" : "http://openhie.org/fhir/CodeSystem/cs-patient-gender-identity|0.2.0"
        }],
        "contains" : [{
          "system" : "http://openhie.org/fhir/CodeSystem/cs-patient-gender-identity",
          "code" : "transgender-to-female",
          "display" : "Transgender female"
        },
        {
          "system" : "http://openhie.org/fhir/CodeSystem/cs-patient-gender-identity",
          "code" : "transgender-to-male",
          "display" : "Transgender male"
        },
        {
          "system" : "http://openhie.org/fhir/CodeSystem/cs-patient-gender-identity",
          "code" : "non-binary",
          "display" : "Non-binary"
        },
        {
          "system" : "http://openhie.org/fhir/CodeSystem/cs-patient-gender-identity",
          "code" : "male",
          "display" : "Male"
        },
        {
          "system" : "http://openhie.org/fhir/CodeSystem/cs-patient-gender-identity",
          "code" : "female",
          "display" : "Female"
        },
        {
          "system" : "http://openhie.org/fhir/CodeSystem/cs-patient-gender-identity",
          "code" : "other",
          "display" : "Other"
        },
        {
          "system" : "http://openhie.org/fhir/CodeSystem/cs-patient-gender-identity",
          "code" : "not-disclosed",
          "display" : "Does not wish to disclose"
        }]
      }
    }
  },
  {
    "fullUrl" : "http://openhie.org/fhir/ValueSet/HIVRecencyResults",
    "resource" : {
      "resourceType" : "ValueSet",
      "id" : "HIVRecencyResults",
      "text" : {
        "status" : "generated",
        "div" : "<div xmlns=\"http://www.w3.org/1999/xhtml\"><p>This value set contains 0 concepts</p><table class=\"codes\"><tr><td style=\"white-space:nowrap\"><b>Code</b></td><td><b>System</b></td><td><b>Display</b></td></tr></table></div>"
      },
      "url" : "http://openhie.org/fhir/ValueSet/HIVRecencyResults",
      "version" : "0.2.0",
      "name" : "HIVRecencyResults",
      "title" : "HIVRecencyResults",
      "status" : "draft",
      "date" : "2021-01-16T00:15:16+00:00",
      "publisher" : "openHIE",
      "contact" : [{
        "telecom" : [{
          "system" : "url",
          "value" : "http://hl7.org/Special/committees/[something]"
        }]
      }],
      "description" : "HIV recency result codes",
      "jurisdiction" : [{
        "coding" : [{
          "system" : "http://unstats.un.org/unsd/methods/m49/m49.htm",
          "code" : "001"
        }]
      }],
      "expansion" : {
        "identifier" : "urn:uuid:e2f87d29-36a9-4b25-b3cc-b3d015a7b3d3",
        "timestamp" : "2021-01-16T00:15:36+00:00",
        "parameter" : [{
          "name" : "excludeNested",
          "valueBoolean" : false
        }]
      }
    }
  },
  {
    "fullUrl" : "http://openhie.org/fhir/ValueSet/HIVRecencyResults",
    "resource" : {
      "resourceType" : "ValueSet",
      "id" : "HIVRecencyResults",
      "text" : {
        "status" : "generated",
        "div" : "<div xmlns=\"http://www.w3.org/1999/xhtml\"><p>This value set contains 0 concepts</p><table class=\"codes\"><tr><td style=\"white-space:nowrap\"><b>Code</b></td><td><b>System</b></td><td><b>Display</b></td></tr></table></div>"
      },
      "url" : "http://openhie.org/fhir/ValueSet/HIVRecencyResults",
      "version" : "0.2.0",
      "name" : "HIVRecencyResults",
      "title" : "HIVRecencyResults",
      "status" : "draft",
      "date" : "2021-01-16T00:15:16+00:00",
      "publisher" : "openHIE",
      "contact" : [{
        "telecom" : [{
          "system" : "url",
          "value" : "http://hl7.org/Special/committees/[something]"
        }]
      }],
      "description" : "HIV recency result codes",
      "jurisdiction" : [{
        "coding" : [{
          "system" : "http://unstats.un.org/unsd/methods/m49/m49.htm",
          "code" : "001"
        }]
      }],
      "expansion" : {
        "identifier" : "urn:uuid:e2f87d29-36a9-4b25-b3cc-b3d015a7b3d3",
        "timestamp" : "2021-01-16T00:15:36+00:00",
        "parameter" : [{
          "name" : "excludeNested",
          "valueBoolean" : false
        }]
      }
    }
  },
  {
    "fullUrl" : "http://openhie.org/fhir/ValueSet/HIVRecencyResults",
    "resource" : {
      "resourceType" : "ValueSet",
      "id" : "HIVRecencyResults",
      "text" : {
        "status" : "generated",
        "div" : "<div xmlns=\"http://www.w3.org/1999/xhtml\"><p>This value set contains 0 concepts</p><table class=\"codes\"><tr><td style=\"white-space:nowrap\"><b>Code</b></td><td><b>System</b></td><td><b>Display</b></td></tr></table></div>"
      },
      "url" : "http://openhie.org/fhir/ValueSet/HIVRecencyResults",
      "version" : "0.2.0",
      "name" : "HIVRecencyResults",
      "title" : "HIVRecencyResults",
      "status" : "draft",
      "date" : "2021-01-16T00:15:16+00:00",
      "publisher" : "openHIE",
      "contact" : [{
        "telecom" : [{
          "system" : "url",
          "value" : "http://hl7.org/Special/committees/[something]"
        }]
      }],
      "description" : "HIV recency result codes",
      "jurisdiction" : [{
        "coding" : [{
          "system" : "http://unstats.un.org/unsd/methods/m49/m49.htm",
          "code" : "001"
        }]
      }],
      "expansion" : {
        "identifier" : "urn:uuid:e2f87d29-36a9-4b25-b3cc-b3d015a7b3d3",
        "timestamp" : "2021-01-16T00:15:36+00:00",
        "parameter" : [{
          "name" : "excludeNested",
          "valueBoolean" : false
        }]
      }
    }
  },
  {
    "fullUrl" : "http://openhie.org/fhir/ValueSet/HIVRecencyResults",
    "resource" : {
      "resourceType" : "ValueSet",
      "id" : "HIVRecencyResults",
      "text" : {
        "status" : "generated",
        "div" : "<div xmlns=\"http://www.w3.org/1999/xhtml\"><p>This value set contains 0 concepts</p><table class=\"codes\"><tr><td style=\"white-space:nowrap\"><b>Code</b></td><td><b>System</b></td><td><b>Display</b></td></tr></table></div>"
      },
      "url" : "http://openhie.org/fhir/ValueSet/HIVRecencyResults",
      "version" : "0.2.0",
      "name" : "HIVRecencyResults",
      "title" : "HIVRecencyResults",
      "status" : "draft",
      "date" : "2021-01-16T00:15:16+00:00",
      "publisher" : "openHIE",
      "contact" : [{
        "telecom" : [{
          "system" : "url",
          "value" : "http://hl7.org/Special/committees/[something]"
        }]
      }],
      "description" : "HIV recency result codes",
      "jurisdiction" : [{
        "coding" : [{
          "system" : "http://unstats.un.org/unsd/methods/m49/m49.htm",
          "code" : "001"
        }]
      }],
      "expansion" : {
        "identifier" : "urn:uuid:e2f87d29-36a9-4b25-b3cc-b3d015a7b3d3",
        "timestamp" : "2021-01-16T00:15:36+00:00",
        "parameter" : [{
          "name" : "excludeNested",
          "valueBoolean" : false
        }]
      }
    }
  },
  {
    "fullUrl" : "http://openhie.org/fhir/ValueSet/HIVRecencyResults",
    "resource" : {
      "resourceType" : "ValueSet",
      "id" : "HIVRecencyResults",
      "text" : {
        "status" : "generated",
        "div" : "<div xmlns=\"http://www.w3.org/1999/xhtml\"><p>This value set contains 0 concepts</p><table class=\"codes\"><tr><td style=\"white-space:nowrap\"><b>Code</b></td><td><b>System</b></td><td><b>Display</b></td></tr></table></div>"
      },
      "url" : "http://openhie.org/fhir/ValueSet/HIVRecencyResults",
      "version" : "0.2.0",
      "name" : "HIVRecencyResults",
      "title" : "HIVRecencyResults",
      "status" : "draft",
      "date" : "2021-01-16T00:15:16+00:00",
      "publisher" : "openHIE",
      "contact" : [{
        "telecom" : [{
          "system" : "url",
          "value" : "http://hl7.org/Special/committees/[something]"
        }]
      }],
      "description" : "HIV recency result codes",
      "jurisdiction" : [{
        "coding" : [{
          "system" : "http://unstats.un.org/unsd/methods/m49/m49.htm",
          "code" : "001"
        }]
      }],
      "expansion" : {
        "identifier" : "urn:uuid:e2f87d29-36a9-4b25-b3cc-b3d015a7b3d3",
        "timestamp" : "2021-01-16T00:15:36+00:00",
        "parameter" : [{
          "name" : "excludeNested",
          "valueBoolean" : false
        }]
      }
    }
  },
  {
    "fullUrl" : "http://openhie.org/fhir/ValueSet/HIVRecencyResults",
    "resource" : {
      "resourceType" : "ValueSet",
      "id" : "HIVRecencyResults",
      "text" : {
        "status" : "generated",
        "div" : "<div xmlns=\"http://www.w3.org/1999/xhtml\"><p>This value set contains 0 concepts</p><table class=\"codes\"><tr><td style=\"white-space:nowrap\"><b>Code</b></td><td><b>System</b></td><td><b>Display</b></td></tr></table></div>"
      },
      "url" : "http://openhie.org/fhir/ValueSet/HIVRecencyResults",
      "version" : "0.2.0",
      "name" : "HIVRecencyResults",
      "title" : "HIVRecencyResults",
      "status" : "draft",
      "date" : "2021-01-16T00:15:16+00:00",
      "publisher" : "openHIE",
      "contact" : [{
        "telecom" : [{
          "system" : "url",
          "value" : "http://hl7.org/Special/committees/[something]"
        }]
      }],
      "description" : "HIV recency result codes",
      "jurisdiction" : [{
        "coding" : [{
          "system" : "http://unstats.un.org/unsd/methods/m49/m49.htm",
          "code" : "001"
        }]
      }],
      "expansion" : {
        "identifier" : "urn:uuid:e2f87d29-36a9-4b25-b3cc-b3d015a7b3d3",
        "timestamp" : "2021-01-16T00:15:36+00:00",
        "parameter" : [{
          "name" : "excludeNested",
          "valueBoolean" : false
        }]
      }
    }
  },
  {
    "fullUrl" : "http://openhie.org/fhir/ValueSet/vs-type-of-contact",
    "resource" : {
      "resourceType" : "ValueSet",
      "id" : "vs-type-of-contact",
      "text" : {
        "status" : "generated",
        "div" : "<div xmlns=\"http://www.w3.org/1999/xhtml\"><p>This value set contains 4 concepts</p><p style=\"border: black 1px dotted; background-color: #EEEEEE; padding: 8px; margin-bottom: 8px\">Expansion based on <a href=\"CodeSystem-type-of-contact.html\">Type of contact or relationship v0.2.0 (CodeSystem)</a></p><p>All codes from system <a href=\"CodeSystem-type-of-contact.html\"><code>http://openhie.org/fhir/CodeSystem/type-of-contact</code></a></p><table class=\"codes\"><tr><td style=\"white-space:nowrap\"><b>Code</b></td><td><b>Display</b></td><td><b>Definition</b></td></tr><tr><td style=\"white-space:nowrap\"><a name=\"http---openhie.org-fhir-CodeSystem-type-of-contact-child\"> </a><a href=\"CodeSystem-type-of-contact.html#type-of-contact-child\">child</a></td><td>Biological child</td><td>Client is the biological child of the person that referred the client for family services</td></tr><tr><td style=\"white-space:nowrap\"><a name=\"http---openhie.org-fhir-CodeSystem-type-of-contact-drug-injecting-partner\"> </a><a href=\"CodeSystem-type-of-contact.html#type-of-contact-drug-injecting-partner\">drug-injecting-partner</a></td><td>Drug injecting partner</td><td>Client is a drug injecting partner of the person that referred the client for partner services</td></tr><tr><td style=\"white-space:nowrap\"><a name=\"http---openhie.org-fhir-CodeSystem-type-of-contact-sexual-partner\"> </a><a href=\"CodeSystem-type-of-contact.html#type-of-contact-sexual-partner\">sexual-partner</a></td><td>Sexual partner</td><td>Client is a sexual partner of the person that referred the client for partner services</td></tr><tr><td style=\"white-space:nowrap\"><a name=\"http---openhie.org-fhir-CodeSystem-type-of-contact-social-contact\"> </a><a href=\"CodeSystem-type-of-contact.html#type-of-contact-social-contact\">social-contact</a></td><td>Social contact</td><td>Client is a social contact of the person that referred the client for social-network services</td></tr></table></div>"
      },
      "url" : "http://openhie.org/fhir/ValueSet/vs-type-of-contact",
      "version" : "0.2.0",
      "name" : "VSTypeOfContact",
      "title" : "Type of contact or relationship",
      "status" : "active",
      "date" : "2021-01-16T00:15:16+00:00",
      "publisher" : "openHIE",
      "contact" : [{
        "telecom" : [{
          "system" : "url",
          "value" : "http://hl7.org/Special/committees/[something]"
        }]
      }],
      "description" : "Type of contact or relationship",
      "jurisdiction" : [{
        "coding" : [{
          "system" : "http://unstats.un.org/unsd/methods/m49/m49.htm",
          "code" : "001"
        }]
      }],
      "expansion" : {
        "identifier" : "urn:uuid:3c3ce4d6-52d3-45b8-856d-c6468715d5f9",
        "timestamp" : "2021-01-16T00:15:42+00:00",
        "total" : 4,
        "parameter" : [{
          "name" : "excludeNested",
          "valueBoolean" : false
        },
        {
          "name" : "version",
          "valueUri" : "http://openhie.org/fhir/CodeSystem/type-of-contact|0.2.0"
        }],
        "contains" : [{
          "system" : "http://openhie.org/fhir/CodeSystem/type-of-contact",
          "code" : "child",
          "display" : "Biological child"
        },
        {
          "system" : "http://openhie.org/fhir/CodeSystem/type-of-contact",
          "code" : "drug-injecting-partner",
          "display" : "Drug injecting partner"
        },
        {
          "system" : "http://openhie.org/fhir/CodeSystem/type-of-contact",
          "code" : "sexual-partner",
          "display" : "Sexual partner"
        },
        {
          "system" : "http://openhie.org/fhir/CodeSystem/type-of-contact",
          "code" : "social-contact",
          "display" : "Social contact"
        }]
      }
    }
  }]
}