<?xml version="1.0" encoding="UTF-8"?>

<Observation xmlns="http://hl7.org/fhir">
  <id value="CD4Example1"/>
  <meta>
    <profile value="http://openhie.org/fhir/hiv-casereporting/StructureDefinition/hiv-cd4-test"/>
  </meta>
  <text>
    <status value="generated"/><div xmlns="http://www.w3.org/1999/xhtml"><p><b>Generated Narrative</b></p><p></p><p><b>code</b>: <span title="Codes: {http://openhie.org/fhir/hiv-casereporting/CodeSystem/cs-hiv-obs-codes CD4-RESULT}">CD4 result</span></p><p><b>subject</b>: <a href="Patient-HIVPatientExample.html">Generated Summary: id: ART1234567, id: PASSPORT1234567, id: NAT1234567, id: EMR1234567; active; Jane Smith (OFFICIAL); Phone: +27825556666; gender: female; birthDate: 1986-06-04; <span title="Codes: {http://terminology.hl7.org/CodeSystem/v3-MaritalStatus M}">Married</span></a></p><p><b>effective</b>: 2020-06-09</p><blockquote><p><b>component</b></p><p><b>code</b>: <span title="Codes: {http://snomed.info/sct 113056008}">CD4 result</span></p><p><b>value</b>: 500</p></blockquote><blockquote><p><b>component</b></p><p><b>code</b>: <span title="Codes: {http://snomed.info/sct 313938009}">CD4 percentage</span></p><p><b>value</b>: 50</p></blockquote></div>
  </text>
  <status value="final"/>
  <code>
    <coding>
      <system value="http://openhie.org/fhir/hiv-casereporting/CodeSystem/cs-hiv-obs-codes"/>
      <code value="CD4-RESULT"/>
      <display value="CD4 result"/>
    </coding>
  </code>
  <subject>
    <reference value="Patient/HIVPatientExample"/>
  </subject>
  <effectiveDateTime value="2020-06-09"/>
  <component>
    <code>
      <coding>
        <system value="http://snomed.info/sct"/>
        <code value="113056008"/>
        <display value="CD4 result"/>
      </coding>
    </code>
    <valueInteger value="500"/>
  </component>
  <component>
    <code>
      <coding>
        <system value="http://snomed.info/sct"/>
        <code value="313938009"/>
        <display value="CD4 percentage"/>
      </coding>
    </code>
    <valueInteger value="50"/>
  </component>
</Observation>