<?xml version="1.0" encoding="UTF-8"?>

<ValueSet xmlns="http://hl7.org/fhir">
  <id value="vs-hiv-risk-population"/>
  <text>
    <status value="generated"/><div xmlns="http://www.w3.org/1999/xhtml"><ul><li>Include all codes defined in <a href="CodeSystem-cs-hiv-risk-population.html"><code>http://openhie.org/fhir/CodeSystem/cs-hiv-risk-population</code></a></li></ul></div>
  </text>
  <url value="http://openhie.org/fhir/ValueSet/vs-hiv-risk-population"/>
  <version value="0.2.0"/>
  <name value="HIVRiskPopulation"/>
  <title value="HIV Risk Population"/>
  <status value="draft"/>
  <date value="2021-01-25T08:21:27+00:00"/>
  <publisher value="openHIE"/>
  <contact>
    <telecom>
      <system value="url"/>
      <value value="http://hl7.org/Special/committees/[something]"/>
    </telecom>
  </contact>
  <description value="HIV Risk Population codes"/>
  <jurisdiction>
    <coding>
      <system value="http://unstats.un.org/unsd/methods/m49/m49.htm"/>
      <code value="001"/>
    </coding>
  </jurisdiction>
  <compose>
    <include>
      <system value="http://openhie.org/fhir/CodeSystem/cs-hiv-risk-population"/>
    </include>
  </compose>
</ValueSet>