<?xml version="1.0" encoding="UTF-8"?>

<ValueSet xmlns="http://hl7.org/fhir">
  <id value="vs-hiv-cause-of-death"/>
  <text>
    <status value="generated"/><div xmlns="http://www.w3.org/1999/xhtml"><ul><li>Include all codes defined in <a href="CodeSystem-cs-hiv-cause-of-death.html"><code>http://openhie.org/fhir/CodeSystem/cs-hiv-cause-of-death</code></a></li></ul></div>
  </text>
  <url value="http://openhie.org/fhir/ValueSet/vs-hiv-cause-of-death"/>
  <version value="0.2.0"/>
  <name value="HIVCauseOfDeath"/>
  <title value="HIV Cause Of Death"/>
  <status value="draft"/>
  <date value="2021-01-25T08:21:27+00:00"/>
  <publisher value="openHIE"/>
  <contact>
    <telecom>
      <system value="url"/>
      <value value="http://hl7.org/Special/committees/[something]"/>
    </telecom>
  </contact>
  <description value="HIV Cause Of Death codes"/>
  <jurisdiction>
    <coding>
      <system value="http://unstats.un.org/unsd/methods/m49/m49.htm"/>
      <code value="001"/>
    </coding>
  </jurisdiction>
  <compose>
    <include>
      <system value="http://openhie.org/fhir/CodeSystem/cs-hiv-cause-of-death"/>
    </include>
  </compose>
</ValueSet>