<?xml version="1.0" encoding="UTF-8"?>

<ValueSet xmlns="http://hl7.org/fhir">
  <id value="vs-gender-identity"/>
  <text>
    <status value="generated"/><div xmlns="http://www.w3.org/1999/xhtml"><ul><li>Include all codes defined in <code>http://hl7.org/fhir/StructureDefinition/patient-genderIdentity</code></li></ul></div>
  </text>
  <url value="http://openhie.org/fhir/hiv-casereporting/ValueSet/vs-gender-identity"/>
  <version value="0.2.0"/>
  <name value="VSGenderIdentity"/>
  <title value="Gender Identity"/>
  <status value="active"/>
  <date value="2021-07-19T12:37:06+00:00"/>
  <publisher value="openHIE"/>
  <contact>
    <telecom>
      <system value="url"/>
      <value value="http://hl7.org/Special/committees/[something]"/>
    </telecom>
  </contact>
  <description value="Valueset - Gender Identities"/>
  <jurisdiction>
    <coding>
      <system value="http://unstats.un.org/unsd/methods/m49/m49.htm"/>
      <code value="001"/>
    </coding>
  </jurisdiction>
  <compose>
    <include>
      <system value="http://hl7.org/fhir/StructureDefinition/patient-genderIdentity"/>
    </include>
  </compose>
</ValueSet>