{
  "resourceType": "ValueSet",
  "id": "vs-hiv-risk-behavior",
  "text": {
    "status": "generated",
    "div": "<div xmlns=\"http://www.w3.org/1999/xhtml\"><ul><li>Include all codes defined in <a href=\"CodeSystem-cs-hiv-risk-behavior.html\"><code>http://openhie.org/fhir/CodeSystem/cs-hiv-risk-behavior</code></a></li></ul></div>"
  },
  "url": "http://openhie.org/fhir/ValueSet/vs-hiv-risk-behavior",
  "version": "0.2.0",
  "name": "HIVRiskBehavior",
  "title": "HIV Risk Behavior",
  "status": "draft",
  "date": "2021-01-25T09:18:25+00:00",
  "publisher": "openHIE",
  "contact": [
    {
      "telecom": [
        {
          "system": "url",
          "value": "http://hl7.org/Special/committees/[something]"
        }
      ]
    }
  ],
  "description": "HIV Risk Behavior codes",
  "jurisdiction": [
    {
      "coding": [
        {
          "system": "http://unstats.un.org/unsd/methods/m49/m49.htm",
          "code": "001"
        }
      ]
    }
  ],
  "compose": {
    "include": [
      {
        "system": "http://openhie.org/fhir/CodeSystem/cs-hiv-risk-behavior"
      }
    ]
  }
}