{
  "resourceType": "ValueSet",
  "id": "vs-hiv-transmission-route",
  "text": {
    "status": "generated",
    "div": "<div xmlns=\"http://www.w3.org/1999/xhtml\"><ul><li>Include all codes defined in <a href=\"CodeSystem-cs-hiv-transmission-route.html\"><code>http://openhie.org/fhir/hiv-casereporting/CodeSystem/cs-hiv-transmission-route</code></a></li></ul></div>"
  },
  "url": "http://openhie.org/fhir/hiv-casereporting/ValueSet/vs-hiv-transmission-route",
  "version": "0.2.0",
  "name": "HIVTransmissionRoute",
  "title": "HIV Transmission Route",
  "status": "active",
  "date": "2021-06-07T13:02:08+00:00",
  "publisher": "openHIE",
  "contact": [
    {
      "telecom": [
        {
          "system": "url",
          "value": "http://hl7.org/Special/committees/[something]"
        }
      ]
    }
  ],
  "description": "Valueset - Route of HIV transmission",
  "jurisdiction": [
    {
      "coding": [
        {
          "system": "http://unstats.un.org/unsd/methods/m49/m49.htm",
          "code": "001"
        }
      ]
    }
  ],
  "compose": {
    "include": [
      {
        "system": "http://openhie.org/fhir/hiv-casereporting/CodeSystem/cs-hiv-transmission-route"
      }
    ]
  }
}