{
  "resourceType": "ValueSet",
  "id": "vs-patient-gender-identity",
  "text": {
    "status": "generated",
    "div": "<div xmlns=\"http://www.w3.org/1999/xhtml\"><ul><li>Include all codes defined in <a href=\"CodeSystem-cs-patient-gender-identity.html\"><code>http://openhie.org/fhir/hiv-casereporting/CodeSystem/cs-patient-gender-identity</code></a></li></ul></div>"
  },
  "url": "http://openhie.org/fhir/hiv-casereporting/ValueSet/vs-patient-gender-identity",
  "version": "0.2.0",
  "name": "PatientGenderIdentity",
  "title": "Patient Gender Identity",
  "status": "active",
  "date": "2021-05-30T12:21:43+00:00",
  "publisher": "openHIE",
  "contact": [
    {
      "telecom": [
        {
          "system": "url",
          "value": "http://hl7.org/Special/committees/[something]"
        }
      ]
    }
  ],
  "description": "Valueset - patient gender identities",
  "jurisdiction": [
    {
      "coding": [
        {
          "system": "http://unstats.un.org/unsd/methods/m49/m49.htm",
          "code": "001"
        }
      ]
    }
  ],
  "compose": {
    "include": [
      {
        "system": "http://openhie.org/fhir/hiv-casereporting/CodeSystem/cs-patient-gender-identity"
      }
    ]
  }
}