{"resourceType":"CodeSystem","id":"type-of-contact","text":{"status":"generated","div":"<div xmlns=\"http://www.w3.org/1999/xhtml\"><p>This code system http://openhie.org/fhir/hiv-casereporting/CodeSystem/type-of-contact defines the following codes:</p><table class=\"codes\"><tr><td style=\"white-space:nowrap\"><b>Code</b></td><td><b>Display</b></td><td><b>Definition</b></td></tr><tr><td style=\"white-space:nowrap\">child<a name=\"type-of-contact-child\"> </a></td><td>Biological child</td><td>Client is the biological child of the person that referred the client for family services</td></tr><tr><td style=\"white-space:nowrap\">drug-injecting-partner<a name=\"type-of-contact-drug-injecting-partner\"> </a></td><td>Drug injecting partner</td><td>Client is a drug injecting partner of the person that referred the client for partner services</td></tr><tr><td style=\"white-space:nowrap\">sexual-partner<a name=\"type-of-contact-sexual-partner\"> </a></td><td>Sexual partner</td><td>Client is a sexual partner of the person that referred the client for partner services</td></tr><tr><td style=\"white-space:nowrap\">social-contact<a name=\"type-of-contact-social-contact\"> </a></td><td>Social contact</td><td>Client is a social contact of the person that referred the client for social-network services</td></tr></table></div>"},"url":"http://openhie.org/fhir/hiv-casereporting/CodeSystem/type-of-contact","version":"0.2.0","name":"CSTypeOfContact","title":"Type of contact or relationship","status":"active","date":"2021-04-08T20:21:29+00:00","publisher":"openHIE","contact":[{"telecom":[{"system":"url","value":"http://hl7.org/Special/committees/[something]"}]}],"description":"Type of contact or relationship","jurisdiction":[{"coding":[{"system":"http://unstats.un.org/unsd/methods/m49/m49.htm","code":"001"}]}],"content":"complete","count":4,"concept":[{"code":"child","display":"Biological child","definition":"Client is the biological child of the person that referred the client for family services"},{"code":"drug-injecting-partner","display":"Drug injecting partner","definition":"Client is a drug injecting partner of the person that referred the client for partner services"},{"code":"sexual-partner","display":"Sexual partner","definition":"Client is a sexual partner of the person that referred the client for partner services"},{"code":"social-contact","display":"Social contact","definition":"Client is a social contact of the person that referred the client for social-network services"}]}