{"resourceType":"CodeSystem","id":"cs-hiv-transmission-route","text":{"status":"generated","div":"<div xmlns=\"http://www.w3.org/1999/xhtml\"><p>This code system http://openhie.org/fhir/hiv-casereporting/CodeSystem/cs-hiv-transmission-route defines the following codes:</p><table class=\"codes\"><tr><td style=\"white-space:nowrap\"><b>Code</b></td><td><b>Display</b></td><td><b>Definition</b></td></tr><tr><td style=\"white-space:nowrap\">1<a name=\"cs-hiv-transmission-route-1\"> </a></td><td>Blood born</td><td>Blood born</td></tr><tr><td style=\"white-space:nowrap\">2<a name=\"cs-hiv-transmission-route-2\"> </a></td><td>Sexual Relationship</td><td>Sexual Relationship</td></tr><tr><td style=\"white-space:nowrap\">3<a name=\"cs-hiv-transmission-route-3\"> </a></td><td>Mother to child</td><td>Mother to child</td></tr><tr><td style=\"white-space:nowrap\">4<a name=\"cs-hiv-transmission-route-4\"> </a></td><td>Unidentified</td><td>Unidentified</td></tr></table></div>"},"url":"http://openhie.org/fhir/hiv-casereporting/CodeSystem/cs-hiv-transmission-route","version":"0.2.0","name":"CSHIVTransmissionRoute","title":"HIV Transmission Route","status":"active","date":"2021-05-30T12:21:43+00:00","publisher":"openHIE","contact":[{"telecom":[{"system":"url","value":"http://hl7.org/Special/committees/[something]"}]}],"description":"CodeSystem - Route of HIV transmission","jurisdiction":[{"coding":[{"system":"http://unstats.un.org/unsd/methods/m49/m49.htm","code":"001"}]}],"content":"complete","count":4,"concept":[{"code":"1","display":"Blood born","definition":"Blood born"},{"code":"2","display":"Sexual Relationship","definition":"Sexual Relationship"},{"code":"3","display":"Mother to child","definition":"Mother to child"},{"code":"4","display":"Unidentified","definition":"Unidentified"}]}