{"resourceType":"NamingSystem","id":"ns-passport-id","text":{"status":"generated","div":"<div xmlns=\"http://www.w3.org/1999/xhtml\"><h3>Summary</h3><table class=\"grid\"><tr><td>Defining URL</td><td>http://openhie.org/fhir/NamingSystem/ns-passport-id</td></tr><tr><td>Version</td><td>0.2.0</td></tr><tr><td>Name</td><td>NSPassportID</td></tr><tr><td>Status</td><td>active</td></tr><tr><td>Definition</td><td><div><p>Naming System - Passport identifiers</p>\n</div></td></tr><tr><td>Publisher</td><td>openHIE</td></tr></table><h3>Identifiers</h3><table class=\"grid\"><tr><td><b>Type</b></td><td><b>Value</b></td><td><b>Preferred</b></td></tr><tr><td>URI</td><td>https://openhie.org/sid/passport</td><td>true</td></tr></table></div>"},"name":"NSPassportID","status":"active","kind":"codesystem","date":"2020-12-24","publisher":"openHIE","contact":[{"telecom":[{"system":"url","value":"http://hl7.org/Special/committees/[something]"}]}],"description":"Naming System - Passport identifiers","jurisdiction":[{"coding":[{"system":"http://unstats.un.org/unsd/methods/m49/m49.htm","code":"001"}]}],"uniqueId":[{"type":"uri","value":"https://openhie.org/sid/passport","preferred":true}]}