{
  "resourceType": "Condition",
  "id": "HIVDiagnosisExample",
  "meta": {
    "profile": [
      "http://openhie.org/fhir/hiv-casereporting/StructureDefinition/hiv-diagnosis"
    ]
  },
  "text": {
    "status": "generated",
    "div": "<div xmlns=\"http://www.w3.org/1999/xhtml\"><p><b>Generated Narrative</b></p><p><b>identifier</b>: id: abc</p><p><b>clinicalStatus</b>: <span title=\"Codes: \">active</span></p><p><b>verificationStatus</b>: <span title=\"Codes: \">confirmed</span></p><p><b>code</b>: <span title=\"Codes: {http://snomed.info/sct 86406008}\">Human immunodeficiency virus infection</span></p><p><b>subject</b>: <a href=\"Patient-HIVPatientExample.html\">Generated Summary: id: ART1234567, id: NAT1234567, id: EMR1234567; active; Jane Smith (OFFICIAL); Phone: +27825556666; gender: female; birthDate: 1986-06-04; <span title=\"Codes: {http://terminology.hl7.org/CodeSystem/v3-MaritalStatus M}\">Married</span></a></p><p><b>recordedDate</b>: 2021-05-18</p></div>"
  },
  "identifier": [
    {
      "system": "http://openhie.org/fhir/hiv-casereporting/identifier/hiv-diagnosis",
      "value": "abc"
    }
  ],
  "clinicalStatus": {
    "coding": [
      {
        "code": "active"
      }
    ]
  },
  "verificationStatus": {
    "coding": [
      {
        "code": "confirmed"
      }
    ]
  },
  "code": {
    "coding": [
      {
        "system": "http://snomed.info/sct",
        "code": "86406008"
      }
    ]
  },
  "subject": {
    "reference": "Patient/HIVPatientExample"
  },
  "recordedDate": "2021-05-18"
}