{
  "resourceType": "ValueSet",
  "id": "vs-hiv-occupations",
  "text": {
    "status": "generated",
    "div": "<div xmlns=\"http://www.w3.org/1999/xhtml\"><ul><li>Include all codes defined in <a href=\"CodeSystem-cs-hiv-occupations.html\"><code>http://openhie.org/fhir/CodeSystem/cs-hiv-occupations</code></a></li></ul></div>"
  },
  "url": "http://openhie.org/fhir/ValueSet/vs-hiv-occupations",
  "version": "0.2.0",
  "name": "HIVOccupations",
  "title": "Occupations relevant for HIV",
  "status": "active",
  "date": "2021-03-10T19:53:17+00:00",
  "publisher": "openHIE",
  "contact": [
    {
      "telecom": [
        {
          "system": "url",
          "value": "http://hl7.org/Special/committees/[something]"
        }
      ]
    }
  ],
  "description": "Valueset - Occupations relevant for HIV",
  "jurisdiction": [
    {
      "coding": [
        {
          "system": "http://unstats.un.org/unsd/methods/m49/m49.htm",
          "code": "001"
        }
      ]
    }
  ],
  "compose": {
    "include": [
      {
        "system": "http://openhie.org/fhir/CodeSystem/cs-hiv-occupations"
      }
    ]
  }
}