{
  "resourceType": "ValueSet",
  "id": "vs-type-of-contact",
  "text": {
    "status": "generated",
    "div": "<div xmlns=\"http://www.w3.org/1999/xhtml\"><ul><li>Include all codes defined in <a href=\"CodeSystem-type-of-contact.html\"><code>http://openhie.org/fhir/CodeSystem/type-of-contact</code></a></li></ul></div>"
  },
  "url": "http://openhie.org/fhir/ValueSet/vs-type-of-contact",
  "version": "0.2.0",
  "name": "VSTypeOfContact",
  "title": "Type of contact or relationship",
  "status": "active",
  "date": "2021-01-16T00:38:34+00:00",
  "publisher": "openHIE",
  "contact": [
    {
      "telecom": [
        {
          "system": "url",
          "value": "http://hl7.org/Special/committees/[something]"
        }
      ]
    }
  ],
  "description": "Type of contact or relationship",
  "jurisdiction": [
    {
      "coding": [
        {
          "system": "http://unstats.un.org/unsd/methods/m49/m49.htm",
          "code": "001"
        }
      ]
    }
  ],
  "compose": {
    "include": [
      {
        "system": "http://openhie.org/fhir/CodeSystem/type-of-contact"
      }
    ]
  }
}